,P1,P2,P3,P4,P5,P6,P7,P8,P9,P10,P11,P12,P13,P14,P15,P16,P17,P18,P19,P20,P21,P22,P23,P24,P25,P26,P27,P28,P29,P30,P31,P32,P33,P34,P35,P36,P37,P38,P39,P40,P41,P42,P43,P44,P45,P46
P1,0,0.0843391172265952,0.10884507803527,0.123974277973447,0.104765972182398,0.131375328017942,0.125347938183956,0.136694396479271,0.128450816973159,0.154748549368665,0.108935613305928,0.111845891865647,0.117786776030806,0.144336230087463,0.0999100356667676,0.111800664005452,0.126257448053249,0.119944196052819,0.120409964239411,0.130052042322845,0.139120894337949,0.125185123920309,0.150153797700238,0.13217443651993,0.140083711223802,0.170299515560683,0.161034220675169,0.135717787483652,0.13564731295249,0.158762961735123,0.134365977813099,0.123135612041912,0.113137926283119,0.114845675417869,0.129238387239518,0.123409857998519,0.12223470629903,0.116061954977963,0.120975519317255,0.123273794601362,0.109041980622548,0.106494877193025,0.117769116431618,0.128131257113279,0.121198105672929,0.125156983572135
P2,0.0843391172265952,0,0.0850845634211021,0.106020728967167,0.0905581949275978,0.112502888813899,0.10068373303573,0.0998263743058869,0.111431169896864,0.114737140589928,0.0982382209831778,0.0833302321278864,0.0945327265454101,0.124870504939925,0.083413841956832,0.103396221394296,-0.0139927490974226,0.0928890761081268,0.104537144328557,0.0948819662416623,0.121563006596594,0.0995266713056094,0.132062034490434,0.112702347847684,0.108676046319068,0.137906380269243,0.140558028442673,0.106704746033531,0.116652710485312,0.127697556851086,0.104782503790962,0.107452365960988,0.100026755818168,0.103917072247286,0.109621095286301,0.114018721806137,0.115238868833367,0.0863537254530118,0.0970341633337194,0.103693929871125,0.0909997836054524,0.083649690115611,0.0925814622063788,0.0941936881337105,0.0973855323734896,0.100148962811649
P3,0.10884507803527,0.0850845634211021,0,0.109824631364837,0.100884001328947,0.118990271049821,0.110550332490989,0.119481050462055,0.118845629891606,0.132815351546519,0.106827975617807,0.0874266352199431,0.107816102677493,0.151945398669039,0.106843185543925,0.115658746310149,0.117433797670056,0.116225010560622,0.116016715936228,0.118693627680837,0.126899387132556,0.110726030602397,0.145156877989897,0.125995338061548,0.124768999407091,0.141816407105615,0.149459103768231,0.116934816963851,0.125608769519547,0.140395172815243,0.121038055545263,0.115334653030211,0.114181024023241,0.108749398495077,0.119614110189572,0.118758660787024,0.12247737878894,0.104282918661412,0.110786821815323,0.115705124081039,0.0981666349692839,0.103003452709733,0.102758404732536,0.116632884387193,0.113088596162269,0.110345863868624
P4,0.123974277973447,0.106020728967167,0.109824631364837,0,0.0880967652128393,0.127823278100311,0.122525899286435,0.138500026090206,0.129052751172391,0.142674667064088,0.111830485752961,0.101624652806155,0.111604889746071,0.172567956494253,0.113476820983656,0.111703936565174,0.143534261099715,0.125907125771895,0.128293190514559,0.133146628993314,0.131142946496442,0.118002110001746,0.15105004849882,0.133705481734527,0.13023335625985,0.15199811007911,0.150725336967416,0.121345284979366,0.132529556102119,0.14266751983898,0.132144924173385,0.111777464736947,0.121316252344295,0.112278298273362,0.119788882217895,0.11966434371446,0.12732151033681,0.116777174824855,0.119475173254972,0.112070959900636,0.105336609636107,0.113776721300485,0.11301908723644,0.131903852916554,0.119785087698951,0.125055733058716
P5,0.104765972182398,0.0905581949275978,0.100884001328947,0.0880967652128393,0,0.106169011314077,0.114610836763695,0.109547278627176,0.108688506170332,0.125973538302115,0.0967979000036566,0.0871203254704292,0.0946998079510506,0.136856893990195,0.0934117412553995,0.100707654399832,0.124148735448028,0.105657291254589,0.102367083793069,0.111312228166546,0.109814162578139,0.0986119302088052,0.130064971321878,0.105318429189235,0.109520901263137,0.139346045703672,0.123000389349397,0.110458138380138,0.0938828499213584,0.121744952572175,0.108151409184455,0.100088971281427,0.0978077475255301,0.0990106230171892,0.108490560644756,0.102216114826794,0.10507639024173,0.0964349495984778,0.09796546047016,0.104650039078202,0.0972276515926526,0.0857129094231969,0.0990580334607157,0.108212072574905,0.10004247618022,0.101874659137516
P6,0.131375328017942,0.112502888813899,0.118990271049821,0.127823278100311,0.106169011314077,0,0.129011706819219,0.139739547323554,0.142651135475211,0.157253828066132,0.116778889633752,0.109956651852902,0.118075537995185,0.181803910117148,0.122727327992042,0.1307259591702,0.14976169767058,0.132261834565374,0.136429475168442,0.135610997772607,0.141388167392599,0.129529147147015,0.153511431515055,0.142912611612788,0.143034249793963,0.172308526048695,0.173216538551024,0.139704838982573,0.141360555944801,0.162265737484375,0.136110881332413,0.125788499663534,0.131132691049207,0.11548732840663,0.135486934651706,0.135145015478288,0.139804792780245,0.122569509412771,0.137780656463264,0.125381294466209,0.120211503137988,0.124660719398707,0.131457007741565,0.137153881661953,0.131905699379923,0.1397946821289
P7,0.125347938183956,0.10068373303573,0.110550332490989,0.122525899286435,0.114610836763695,0.129011706819219,0,0.0988444117811691,0.137988813054293,0.137372076689389,0.111250509267536,0.103740788531847,0.109169403449159,0.159541065114622,0.108783946440887,0.125011572873722,0.129109030065622,0.123753423002407,0.123278085986588,0.118670338670261,0.135008398194266,0.120230562344456,0.155483089280684,0.138034500917032,0.131541396652888,0.178718714889236,0.163452008409577,0.143469559539092,0.138730385638197,0.15519072060306,0.131609271285376,0.125424561513756,0.127134911522044,0.122023984714801,0.133249973506853,0.131558162021244,0.139775958813344,0.111406985730903,0.123182126813725,0.125476007489494,0.117856807649954,0.109590208907299,0.119960044963532,0.119005991960078,0.128017266819875,0.120741346243949
P8,0.136694396479271,0.0998263743058869,0.119481050462055,0.138500026090206,0.109547278627176,0.139739547323554,0.0988444117811691,0,0.146042802805956,0.144903048447664,0.122262964242663,0.113346294886655,0.122262246043212,0.156064126512885,0.106564837279911,0.126504568389913,0.133755838887263,0.120302287497443,0.136080937037527,0.128945938477945,0.14763764541183,0.133291668679704,0.165464481634478,0.142074949163003,0.143276910218096,0.184338000676076,0.166582045611807,0.152443849202877,0.136314330378278,0.166844795100675,0.138518450564109,0.143483767611516,0.128050596734198,0.135702480337062,0.148715231674419,0.138400685134092,0.144036660950814,0.117006103441118,0.140289363012074,0.137727351783431,0.125686835707846,0.107987178158754,0.135651332423176,0.12952588715788,0.136671335207939,0.124923196980084
P9,0.128450816973159,0.111431169896864,0.118845629891606,0.129052751172391,0.108688506170332,0.142651135475211,0.137988813054293,0.146042802805956,0,0.145536800127713,0.111743517677421,0.118606330020065,0.122019680054764,0.181627468098929,0.118493333419636,0.131433269375494,0.148130184032403,0.137118312762617,0.117871033789939,0.137586349027083,0.132544037473967,0.112460544822422,0.151784665156101,0.122927868675148,0.131065357116743,0.148920517860619,0.137512544501788,0.128863287766393,0.12401504952297,0.133391254381442,0.133050777533882,0.117091754934295,0.112451986226441,0.127554391004174,0.129301672748254,0.111054671736347,0.109410947383362,0.120492527059229,0.111318576131004,0.128854617697753,0.117730531318882,0.114103938777815,0.117626366181068,0.135261312987708,0.127789801907514,0.126854763334361
P10,0.154748549368665,0.114737140589928,0.132815351546519,0.142674667064088,0.125973538302115,0.157253828066132,0.137372076689389,0.144903048447664,0.145536800127713,0,0.11878658070934,0.117945642128813,0.122782940766423,0.17178194821557,0.124540691819633,0.145501009412349,0.14085659407139,0.132721835720291,0.148783785849415,0.136930360659242,0.143039264808322,0.123902520344179,0.158769668217174,0.132735894999989,0.133885475686982,0.197296808472819,0.176256777361365,0.149579356281009,0.148670478330488,0.173733770198082,0.1332118865119,0.148255475445848,0.132049078086089,0.14201829635809,0.147187346567329,0.142029472323586,0.15124367847441,0.117127670071561,0.134565869896147,0.139141207029393,0.132930884242486,0.129106452928817,0.121490430754165,0.130588235494371,0.131814431898056,0.125214617328245
P11,0.108935613305928,0.0982382209831778,0.106827975617807,0.111830485752961,0.0967979000036566,0.116778889633752,0.111250509267536,0.122262964242663,0.111743517677421,0.11878658070934,0,0.0902726163693668,0.0915983227990811,0.14958454871249,0.0922226697573319,0.0962810640609169,0.126720274848025,0.108109091510836,0.112256294979407,0.112553186400687,0.128293828628577,0.118333066691693,0.146008688341136,0.120602257655576,0.124233109621511,0.170329630331625,0.143711683826309,0.133798291092388,0.12041895741241,0.156280200602004,0.119007893538863,0.117273952086931,0.0913581400604075,0.101596073809361,0.116592177151025,0.101989980164178,0.106108956047463,0.105079166537073,0.107849949819445,0.10232701572013,0.0940148350315188,0.0965025947368712,0.106163742339369,0.109575862696549,0.103983189430712,0.111422055552893
P12,0.111845891865647,0.0833302321278864,0.0874266352199431,0.101624652806155,0.0871203254704292,0.109956651852902,0.103740788531847,0.113346294886655,0.118606330020065,0.117945642128813,0.0902726163693668,0,0.0983395138412517,0.142414742302271,0.0898204909950468,0.0999779821706593,0.112881121337326,0.0990254699938957,0.109613451455985,0.104448940836703,0.11342327424725,0.106818919437349,0.136705122062896,0.111671994505111,0.112653191881135,0.153609239572819,0.139799420973823,0.110662176649129,0.113545793166496,0.143829000893828,0.105300323948708,0.104980053248427,0.103111446240341,0.0939893084134511,0.109164817109073,0.11092927995832,0.109682908246096,0.0936522100058619,0.100344475387555,0.0986020812461212,0.0866546974395187,0.0937332781145716,0.0928822835980098,0.10804772862281,0.0981805545036853,0.102405854669786
P13,0.117786776030806,0.0945327265454101,0.107816102677493,0.111604889746071,0.0946998079510506,0.118075537995185,0.109169403449159,0.122262246043212,0.122019680054764,0.122782940766423,0.0915983227990811,0.0983395138412517,0,0.157674142980994,0.105501092370394,0.114948926253543,0.122882774517265,0.110138970219536,0.11428542335197,0.121310735747594,0.11104534923983,0.101555909855058,0.123054287720077,0.112624044743745,0.107635197389721,0.148337763965571,0.130397990180906,0.11760064176619,0.113972729162357,0.1270227099945,0.106886004565119,0.111523536546008,0.1014067073141,0.101829744956385,0.108896252153853,0.106635366417751,0.111443679535568,0.0979578893397739,0.10887319559113,0.106049411702991,0.108509906242004,0.0979203899422806,0.103817477164682,0.11177184045333,0.113003582294718,0.104871428552978
P14,0.144336230087463,0.124870504939925,0.151945398669039,0.172567956494253,0.136856893990195,0.181803910117148,0.159541065114622,0.156064126512885,0.181627468098929,0.17178194821557,0.14958454871249,0.142414742302271,0.157674142980994,0,0.137227000049063,0.159132103087274,0.164744659592618,0.148218343965922,0.166710854085287,0.159138633020759,0.188297254917763,0.17018201344658,0.212059351124977,0.18790084232965,0.186470355610807,0.226277106076395,0.21160025832219,0.197984989506308,0.176856361832563,0.214434683868148,0.172837821233787,0.183674378169981,0.167888929716515,0.174877923477399,0.187931886243241,0.178422263858881,0.186646849269869,0.157795660614231,0.179060221891618,0.176316118187918,0.163825184379009,0.129780742802016,0.17514801953696,0.159829544205444,0.181011775958286,0.175072205127446
P15,0.0999100356667676,0.083413841956832,0.106843185543925,0.113476820983656,0.0934117412553995,0.122727327992042,0.108783946440887,0.106564837279911,0.118493333419636,0.124540691819633,0.0922226697573319,0.0898204909950468,0.105501092370394,0.137227000049063,0,0.089234546829201,0.112959087910018,0.0978620180278344,0.105510430104285,0.112400531961628,0.135262234914304,0.115446357168519,0.15027694863258,0.13037343073535,0.124610529339299,0.160714828236607,0.154229046501387,0.12630134149048,0.128284237728464,0.146488558274034,0.120789883900821,0.123444638475447,0.102114574048366,0.113776601841051,0.132391087620856,0.116764510339906,0.120606046359559,0.098898619722245,0.116419675399916,0.114827733871767,0.104757766221023,0.0900967651955729,0.11246360331176,0.104892460958532,0.111877810068478,0.112546559695743
P16,0.111800664005452,0.103396221394296,0.115658746310149,0.111703936565174,0.100707654399832,0.1307259591702,0.125011572873722,0.126504568389913,0.131433269375494,0.145501009412349,0.0962810640609169,0.0999779821706593,0.114948926253543,0.159132103087274,0.089234546829201,0,0.133351834584482,0.120596361499608,0.115545263332598,0.125742955007397,0.146502869493124,0.13285728422559,0.165969192209143,0.149417903877291,0.1389300053842,0.174843818933278,0.161404604646037,0.147170408827352,0.13836413836485,0.165438576300556,0.141312137250596,0.127021759075094,0.112421318407765,0.123602940081816,0.136425560701725,0.125083858725591,0.133272008923091,0.119774829966021,0.133284654592869,0.124646927634062,0.108622273026394,0.103318711661193,0.128029101054461,0.124206960924076,0.120405703150134,0.131773830065414
P17,0.126257448053249,-0.0139927490974226,0.117433797670056,0.143534261099715,0.124148735448028,0.14976169767058,0.129109030065622,0.133755838887263,0.148130184032403,0.14085659407139,0.126720274848025,0.112881121337326,0.122882774517265,0.164744659592618,0.112959087910018,0.133351834584482,0,0.127844591024876,0.13685397065983,0.121749432501389,0.154783007752,0.13301521682588,0.165869177098904,0.152732557977777,0.141095722264762,0.185903643624145,0.183044223858838,0.151109619602768,0.151543857486618,0.16039479675793,0.144954711253267,0.145594507563686,0.134586367828343,0.143367263532659,0.151739237471661,0.152090410622145,0.154538721181174,0.122849785526986,0.143723042755688,0.133827040654004,0.131228060061231,0.117083705958134,0.136671788117238,0.127633425927345,0.140103401955838,0.130025696395364
P18,0.119944196052819,0.0928890761081268,0.116225010560622,0.125907125771895,0.105657291254589,0.132261834565374,0.123753423002407,0.120302287497443,0.137118312762617,0.132721835720291,0.108109091510836,0.0990254699938957,0.110138970219536,0.148218343965922,0.0978620180278344,0.120596361499608,0.127844591024876,0,0.12271725486352,0.110759395531041,0.136865977449574,0.120211543435551,0.156707421789178,0.140858077063631,0.138903814208863,0.176291183488281,0.1688442207729,0.138860947194158,0.143988430296575,0.157985373910056,0.127701234023648,0.129359838533442,0.125836949425002,0.124148428898236,0.140110559647455,0.138605022080819,0.145399622561711,0.109295810297053,0.124379445843332,0.127137686236104,0.105958962965525,0.103892833822667,0.123831604449535,0.121859256144272,0.124806185391581,0.122017196359731
P19,0.120409964239411,0.104537144328557,0.116016715936228,0.128293190514559,0.102367083793069,0.136429475168442,0.123278085986588,0.136080937037527,0.117871033789939,0.148783785849415,0.112256294979407,0.109613451455985,0.11428542335197,0.166710854085287,0.105510430104285,0.115545263332598,0.13685397065983,0.12271725486352,0,0.129276404443916,0.138500345901634,0.121542951778258,0.155799315791847,0.132185470461208,0.134219724550078,0.159992370776145,0.15595232772671,0.127750602287956,0.129871901364603,0.155236035045381,0.133372518896473,0.123542248820354,0.105183185536337,0.118636260499251,0.131011626359773,0.117001962107483,0.117301065041787,0.1059036032395,0.111423011308537,0.120796534257089,0.112610299395145,0.110786801096784,0.110139363843132,0.129033335155537,0.118214466807461,0.121074463622028
P20,0.130052042322845,0.0948819662416623,0.118693627680837,0.133146628993314,0.111312228166546,0.135610997772607,0.118670338670261,0.128945938477945,0.137586349027083,0.136930360659242,0.112553186400687,0.104448940836703,0.121310735747594,0.159138633020759,0.112400531961628,0.125742955007397,0.121749432501389,0.110759395531041,0.129276404443916,0,0.137627383565961,0.121336450169657,0.158086382970021,0.136580933634444,0.135516344948545,0.171970546227044,0.161592333890266,0.141735646428477,0.13659724691827,0.152566473579396,0.12292497664477,0.129555371193874,0.126906932036049,0.123393711139405,0.129793279755347,0.13391210822097,0.141198403096799,0.11231807965489,0.130053958675781,0.125691437349364,0.115155711514641,0.110728877664057,0.122759966141565,0.121246604338778,0.121022704796927,0.118823082305731
P21,0.139120894337949,0.121563006596594,0.126899387132556,0.131142946496442,0.109814162578139,0.141388167392599,0.135008398194266,0.14763764541183,0.132544037473967,0.143039264808322,0.128293828628577,0.11342327424725,0.11104534923983,0.188297254917763,0.135262234914304,0.146502869493124,0.154783007752,0.136865977449574,0.138500345901634,0.137627383565961,0,0.0677566209915186,0.132387486484266,0.108185743871254,0.11641527716249,0.142133224819925,0.136164553215232,0.11684269208445,0.112322587284698,0.117426003598482,0.083116591102507,0.108680203782792,0.122084097108764,0.119594344645039,0.117654968390934,0.119179202075214,0.113900434885173,0.118175217427166,0.11729808741059,0.121312654559307,0.121101414729067,0.117239990486206,0.112029759645453,0.134948643747087,0.129143749283906,0.119224227590989
P22,0.125185123920309,0.0995266713056094,0.110726030602397,0.118002110001746,0.0986119302088052,0.129529147147015,0.120230562344456,0.133291668679704,0.112460544822422,0.123902520344179,0.118333066691693,0.106818919437349,0.101555909855058,0.17018201344658,0.115446357168519,0.13285728422559,0.13301521682588,0.120211543435551,0.121542951778258,0.121336450169657,0.0677566209915186,0,0.114758386213093,0.0856782712355743,0.0880639124383675,0.124293947534169,0.116765880815987,0.10215463153314,0.104636284202931,0.0942567737137712,0.0731913824848146,0.0997492422514898,0.100759371445861,0.107496750274902,0.109166021296392,0.103896534865587,0.0914139221142099,0.0902867498166838,0.100612948116895,0.110700457330119,0.108048420834924,0.109594281717651,0.0957388604082455,0.11065182795168,0.110593736501544,0.0972856878327529
P23,0.150153797700238,0.132062034490434,0.145156877989897,0.15105004849882,0.130064971321878,0.153511431515055,0.155483089280684,0.165464481634478,0.151784665156101,0.158769668217174,0.146008688341136,0.136705122062896,0.123054287720077,0.212059351124977,0.15027694863258,0.165969192209143,0.165869177098904,0.156707421789178,0.155799315791847,0.158086382970021,0.132387486484266,0.114758386213093,0,0.108935014561986,0.131193563025446,0.0891896116187225,0.151696407938495,0.132159099688341,0.132114641465031,0.129497420990193,0.1347090464538,0.133884175469673,0.132793394349072,0.135511616941986,0.14540199225924,0.128642652287884,0.129156838934134,0.13004418712637,0.131560752849216,0.148417377225309,0.141712408060083,0.137544307373551,0.13076161352936,0.162980533213332,0.142165955754721,0.135163251967687
P24,0.13217443651993,0.112702347847684,0.125995338061548,0.133705481734527,0.105318429189235,0.142912611612788,0.138034500917032,0.142074949163003,0.122927868675148,0.132735894999989,0.120602257655576,0.111671994505111,0.112624044743745,0.18790084232965,0.13037343073535,0.149417903877291,0.152732557977777,0.140858077063631,0.132185470461208,0.136580933634444,0.108185743871254,0.0856782712355743,0.108935014561986,0,0.0980763829624854,0.120545964939065,0.11782417428782,0.104340606195553,0.102875636546983,0.0948682433697519,0.10002736196837,0.110594687150398,0.110694953549482,0.116511945218188,0.114520044466394,0.109726760895747,0.107529102070243,0.106240690403411,0.105239271411032,0.130796335761579,0.126388969381776,0.115725141815164,0.104816034307886,0.134707098756332,0.11716469759377,0.108832925686729
P25,0.140083711223802,0.108676046319068,0.124768999407091,0.13023335625985,0.109520901263137,0.143034249793963,0.131541396652888,0.143276910218096,0.131065357116743,0.133885475686982,0.124233109621511,0.112653191881135,0.107635197389721,0.186470355610807,0.124610529339299,0.1389300053842,0.141095722264762,0.138903814208863,0.134219724550078,0.135516344948545,0.11641527716249,0.0880639124383675,0.131193563025446,0.0980763829624854,0,0.131467545709992,0.133856965150337,0.111711055622673,0.115692348376233,0.113472040579863,0.106266056925792,0.113200144647774,0.11175316361033,0.121223649314472,0.118544459437287,0.114239515243445,0.112042934098327,0.10320148965066,0.112000586194361,0.119331316439245,0.118451212270827,0.116329688451954,0.10430489498909,0.134552720418784,0.12291552305843,0.110169024698761
P26,0.170299515560683,0.137906380269243,0.141816407105615,0.15199811007911,0.139346045703672,0.172308526048695,0.178718714889236,0.184338000676076,0.148920517860619,0.197296808472819,0.170329630331625,0.153609239572819,0.148337763965571,0.226277106076395,0.160714828236607,0.174843818933278,0.185903643624145,0.176291183488281,0.159992370776145,0.171970546227044,0.142133224819925,0.124293947534169,0.0891896116187225,0.120545964939065,0.131467545709992,0,0.154481150974646,0.134753953329899,0.137054598584197,0.142448829719296,0.147102566928123,0.138791867866922,0.132168943112423,0.135481243565263,0.140026617024787,0.129652288124568,0.140706882176848,0.136785205540199,0.120845605340648,0.142732613979175,0.14397427410841,0.146723337479589,0.115501061763818,0.172764914683013,0.134802445197737,0.14270520464448
P27,0.161034220675169,0.140558028442673,0.149459103768231,0.150725336967416,0.123000389349397,0.173216538551024,0.163452008409577,0.166582045611807,0.137512544501788,0.176256777361365,0.143711683826309,0.139799420973823,0.130397990180906,0.21160025832219,0.154229046501387,0.161404604646037,0.183044223858838,0.1688442207729,0.15595232772671,0.161592333890266,0.136164553215232,0.116765880815987,0.151696407938495,0.11782417428782,0.133856965150337,0.154481150974646,0,0.132404423246292,0.116318769417291,0.130519848281641,0.140579386320293,0.133919957945171,0.127576372234835,0.148087971433538,0.146408267105366,0.128519703204856,0.124943877952082,0.14183649951461,0.130182091460228,0.151325004515525,0.148153961797507,0.129704923805486,0.135423966780172,0.167243639215323,0.143880725742459,0.138446136718029
P28,0.135717787483652,0.106704746033531,0.116934816963851,0.121345284979366,0.110458138380138,0.139704838982573,0.143469559539092,0.152443849202877,0.128863287766393,0.149579356281009,0.133798291092388,0.110662176649129,0.11760064176619,0.197984989506308,0.12630134149048,0.147170408827352,0.151109619602768,0.138860947194158,0.127750602287956,0.141735646428477,0.11684269208445,0.10215463153314,0.132159099688341,0.104340606195553,0.111711055622673,0.134753953329899,0.132404423246292,0,0.112932950700111,0.111608520762072,0.115874121940638,0.115667581144384,0.112052264652773,0.120292117541947,0.120966558069399,0.113243304034823,0.109145828246542,0.122955028078946,0.100081279624113,0.123093693535932,0.117805666239793,0.120336634938119,0.0983116270018697,0.141901401074199,0.113526344113985,0.117557017133801
P29,0.13564731295249,0.116652710485312,0.125608769519547,0.132529556102119,0.0938828499213584,0.141360555944801,0.138730385638197,0.136314330378278,0.12401504952297,0.148670478330488,0.12041895741241,0.113545793166496,0.113972729162357,0.176856361832563,0.128284237728464,0.13836413836485,0.151543857486618,0.143988430296575,0.129871901364603,0.13659724691827,0.112322587284698,0.104636284202931,0.132114641465031,0.102875636546983,0.115692348376233,0.137054598584197,0.116318769417291,0.112932950700111,0,0.108967012697659,0.118681287404158,0.112087596571384,0.10718108243417,0.118952600538521,0.123265368649186,0.106748578776461,0.103481215597539,0.117785669467651,0.115412859447221,0.124273213065257,0.125589708932282,0.106875952931709,0.109597663750176,0.137557991618625,0.122516643838491,0.114614608788661
P30,0.158762961735123,0.127697556851086,0.140395172815243,0.14266751983898,0.121744952572175,0.162265737484375,0.15519072060306,0.166844795100675,0.133391254381442,0.173733770198082,0.156280200602004,0.143829000893828,0.1270227099945,0.214434683868148,0.146488558274034,0.165438576300556,0.16039479675793,0.157985373910056,0.155236035045381,0.152566473579396,0.117426003598482,0.0942567737137712,0.129497420990193,0.0948682433697519,0.113472040579863,0.142448829719296,0.130519848281641,0.111608520762072,0.108967012697659,0,0.119596907074987,0.132112857581585,0.12473463811419,0.132166103207177,0.126495713270204,0.122626882870126,0.114406501127184,0.119066720672572,0.10973683141674,0.128921624254178,0.137804342427448,0.137135349300788,0.113262584182009,0.146618184065322,0.138885301693292,0.113235008258504
P31,0.134365977813099,0.104782503790962,0.121038055545263,0.132144924173385,0.108151409184455,0.136110881332413,0.131609271285376,0.138518450564109,0.133050777533882,0.1332118865119,0.119007893538863,0.105300323948708,0.106886004565119,0.172837821233787,0.120789883900821,0.141312137250596,0.144954711253267,0.127701234023648,0.133372518896473,0.12292497664477,0.083116591102507,0.0731913824848146,0.1347090464538,0.10002736196837,0.106266056925792,0.147102566928123,0.140579386320293,0.115874121940638,0.118681287404158,0.119596907074987,0,0.123162425634957,0.124043214217513,0.118496854947133,0.123031703586008,0.114053383038376,0.113200862687436,0.107079148649023,0.113975084156921,0.120532775339406,0.122935414022966,0.1157404479926,0.104922549100826,0.125851433255877,0.120211962477169,0.10692659163569
P32,0.123135612041912,0.107452365960988,0.115334653030211,0.111777464736947,0.100088971281427,0.125788499663534,0.125424561513756,0.143483767611516,0.117091754934295,0.148255475445848,0.117273952086931,0.104980053248427,0.111523536546008,0.183674378169981,0.123444638475447,0.127021759075094,0.145594507563686,0.129359838533442,0.123542248820354,0.129555371193874,0.108680203782792,0.0997492422514898,0.133884175469673,0.110594687150398,0.113200144647774,0.138791867866922,0.133919957945171,0.115667581144384,0.112087596571384,0.132112857581585,0.123162425634957,0,0.105342758891847,0.100482683874241,0.102993801320895,0.108216828402235,0.114256995289709,0.113499507226366,0.106293974418501,0.102690170737197,0.104801545170244,0.113658043959688,0.105079991088058,0.134532854656947,0.112658474180209,0.115835456345922
P33,0.113137926283119,0.100026755818168,0.114181024023241,0.121316252344295,0.0978077475255301,0.131132691049207,0.127134911522044,0.128050596734198,0.112451986226441,0.132049078086089,0.0913581400604075,0.103111446240341,0.1014067073141,0.167888929716515,0.102114574048366,0.112421318407765,0.134586367828343,0.125836949425002,0.105183185536337,0.126906932036049,0.122084097108764,0.100759371445861,0.132793394349072,0.110694953549482,0.11175316361033,0.132168943112423,0.127576372234835,0.112052264652773,0.10718108243417,0.12473463811419,0.124043214217513,0.105342758891847,0,0.106448879746267,0.108133937468573,0.0881947078702005,0.0934168724499748,0.112184702336745,0.103816732475513,0.111735273921964,0.115455099066131,0.0977914922272727,0.0966915178252954,0.124144524451061,0.109320291856261,0.10887060322814
P34,0.114845675417869,0.103917072247286,0.108749398495077,0.112278298273362,0.0990106230171892,0.11548732840663,0.122023984714801,0.135702480337062,0.127554391004174,0.14201829635809,0.101596073809361,0.0939893084134511,0.101829744956385,0.174877923477399,0.113776601841051,0.123602940081816,0.143367263532659,0.124148428898236,0.118636260499251,0.123393711139405,0.119594344645039,0.107496750274902,0.135511616941986,0.116511945218188,0.121223649314472,0.135481243565263,0.148087971433538,0.120292117541947,0.118952600538521,0.132166103207177,0.118496854947133,0.100482683874241,0.106448879746267,0,0.0948280370885905,0.0896401742145908,0.112836486637139,0.113327368421919,0.10224616690204,0.109695700116059,0.0994286822109075,0.110074738194402,0.103966610726883,0.125282492304322,0.10681287964145,0.112331198504863
P35,0.129238387239518,0.109621095286301,0.119614110189572,0.119788882217895,0.108490560644756,0.135486934651706,0.133249973506853,0.148715231674419,0.129301672748254,0.147187346567329,0.116592177151025,0.109164817109073,0.108896252153853,0.187931886243241,0.132391087620856,0.136425560701725,0.151739237471661,0.140110559647455,0.131011626359773,0.129793279755347,0.117654968390934,0.109166021296392,0.14540199225924,0.114520044466394,0.118544459437287,0.140026617024787,0.146408267105366,0.120966558069399,0.123265368649186,0.126495713270204,0.123031703586008,0.102993801320895,0.108133937468573,0.0948280370885905,0,0.10690504848053,0.112990153568729,0.119723373944557,0.113974143330484,0.111234155027259,0.115400748017051,0.118400199305194,0.109694189032072,0.136958028924854,0.109152558807199,0.124351836717723
P36,0.123409857998519,0.114018721806137,0.118758660787024,0.11966434371446,0.102216114826794,0.135145015478288,0.131558162021244,0.138400685134092,0.111054671736347,0.142029472323586,0.101989980164178,0.11092927995832,0.106635366417751,0.178422263858881,0.116764510339906,0.125083858725591,0.152090410622145,0.138605022080819,0.117001962107483,0.13391210822097,0.119179202075214,0.103896534865587,0.128642652287884,0.109726760895747,0.114239515243445,0.129652288124568,0.128519703204856,0.113243304034823,0.106748578776461,0.122626882870126,0.114053383038376,0.108216828402235,0.0881947078702005,0.0896401742145908,0.10690504848053,0,0.0871033041524301,0.10895035445818,0.104805044729978,0.114525763996538,0.112719322631301,0.104055125819311,0.103642038460168,0.132140132716585,0.111641026611183,0.11003831152349
P37,0.12223470629903,0.115238868833367,0.12247737878894,0.12732151033681,0.10507639024173,0.139804792780245,0.139775958813344,0.144036660950814,0.109410947383362,0.15124367847441,0.106108956047463,0.109682908246096,0.111443679535568,0.186646849269869,0.120606046359559,0.133272008923091,0.154538721181174,0.145399622561711,0.117301065041787,0.141198403096799,0.113900434885173,0.0914139221142099,0.129156838934134,0.107529102070243,0.112042934098327,0.140706882176848,0.124943877952082,0.109145828246542,0.103481215597539,0.114406501127184,0.113200862687436,0.114256995289709,0.0934168724499748,0.112836486637139,0.112990153568729,0.0871033041524301,0,0.117120661340449,0.110278450058434,0.115641961110083,0.117111949887828,0.109451467230721,0.104843253468039,0.136225021766507,0.118656093804157,0.120328501187668
P38,0.116061954977963,0.0863537254530118,0.104282918661412,0.116777174824855,0.0964349495984778,0.122569509412771,0.111406985730903,0.117006103441118,0.120492527059229,0.117127670071561,0.105079166537073,0.0936522100058619,0.0979578893397739,0.157795660614231,0.098898619722245,0.119774829966021,0.122849785526986,0.109295810297053,0.1059036032395,0.11231807965489,0.118175217427166,0.0902867498166838,0.13004418712637,0.106240690403411,0.10320148965066,0.136785205540199,0.14183649951461,0.122955028078946,0.117785669467651,0.119066720672572,0.107079148649023,0.113499507226366,0.112184702336745,0.113327368421919,0.119723373944557,0.10895035445818,0.117120661340449,0,0.106665245828227,0.116907690999359,0.113644383360174,0.0992059317264228,0.104254621011107,0.119060984004915,0.115492978642146,0.104289259547997
P39,0.120975519317255,0.0970341633337194,0.110786821815323,0.119475173254972,0.09796546047016,0.137780656463264,0.123182126813725,0.140289363012074,0.111318576131004,0.134565869896147,0.107849949819445,0.100344475387555,0.10887319559113,0.179060221891618,0.116419675399916,0.133284654592869,0.143723042755688,0.124379445843332,0.111423011308537,0.130053958675781,0.11729808741059,0.100612948116895,0.131560752849216,0.105239271411032,0.112000586194361,0.120845605340648,0.130182091460228,0.100081279624113,0.115412859447221,0.10973683141674,0.113975084156921,0.106293974418501,0.103816732475513,0.10224616690204,0.113974143330484,0.104805044729978,0.110278450058434,0.106665245828227,0,0.113535669506021,0.105113372519536,0.100738972687831,0.0885215929357987,0.127113303338069,0.0953134030559934,0.096507535340257
P40,0.123273794601362,0.103693929871125,0.115705124081039,0.112070959900636,0.104650039078202,0.125381294466209,0.125476007489494,0.137727351783431,0.128854617697753,0.139141207029393,0.10232701572013,0.0986020812461212,0.106049411702991,0.176316118187918,0.114827733871767,0.124646927634062,0.133827040654004,0.127137686236104,0.120796534257089,0.125691437349364,0.121312654559307,0.110700457330119,0.148417377225309,0.130796335761579,0.119331316439245,0.142732613979175,0.151325004515525,0.123093693535932,0.124273213065257,0.128921624254178,0.120532775339406,0.102690170737197,0.111735273921964,0.109695700116059,0.111234155027259,0.114525763996538,0.115641961110083,0.116907690999359,0.113535669506021,0,0.104562749186519,0.100653447295661,0.108142374173512,0.124486206079978,0.113591120384837,0.121017194024399
P41,0.109041980622548,0.0909997836054524,0.0981666349692839,0.105336609636107,0.0972276515926526,0.120211503137988,0.117856807649954,0.125686835707846,0.117730531318882,0.132930884242486,0.0940148350315188,0.0866546974395187,0.108509906242004,0.163825184379009,0.104757766221023,0.108622273026394,0.131228060061231,0.105958962965525,0.112610299395145,0.115155711514641,0.121101414729067,0.108048420834924,0.141712408060083,0.126388969381776,0.118451212270827,0.14397427410841,0.148153961797507,0.117805666239793,0.125589708932282,0.137804342427448,0.122935414022966,0.104801545170244,0.115455099066131,0.0994286822109075,0.115400748017051,0.112719322631301,0.117111949887828,0.113644383360174,0.105113372519536,0.104562749186519,0,0.0849013672112696,0.0994240818714863,0.095184406190501,0.108174033054188,0.119180862859652
P42,0.106494877193025,0.083649690115611,0.103003452709733,0.113776721300485,0.0857129094231969,0.124660719398707,0.109590208907299,0.107987178158754,0.114103938777815,0.129106452928817,0.0965025947368712,0.0937332781145716,0.0979203899422806,0.129780742802016,0.0900967651955729,0.103318711661193,0.117083705958134,0.103892833822667,0.110786801096784,0.110728877664057,0.117239990486206,0.109594281717651,0.137544307373551,0.115725141815164,0.116329688451954,0.146723337479589,0.129704923805486,0.120336634938119,0.106875952931709,0.137135349300788,0.1157404479926,0.113658043959688,0.0977914922272727,0.110074738194402,0.118400199305194,0.104055125819311,0.109451467230721,0.0992059317264228,0.100738972687831,0.100653447295661,0.0849013672112696,0,0.095880727683596,0.104477475163287,0.102094944089243,0.103445981134392
P43,0.117769116431618,0.0925814622063788,0.102758404732536,0.11301908723644,0.0990580334607157,0.131457007741565,0.119960044963532,0.135651332423176,0.117626366181068,0.121490430754165,0.106163742339369,0.0928822835980098,0.103817477164682,0.17514801953696,0.11246360331176,0.128029101054461,0.136671788117238,0.123831604449535,0.110139363843132,0.122759966141565,0.112029759645453,0.0957388604082455,0.13076161352936,0.104816034307886,0.10430489498909,0.115501061763818,0.135423966780172,0.0983116270018697,0.109597663750176,0.113262584182009,0.104922549100826,0.105079991088058,0.0966915178252954,0.103966610726883,0.109694189032072,0.103642038460168,0.104843253468039,0.104254621011107,0.0885215929357987,0.108142374173512,0.0994240818714863,0.095880727683596,0,0.121730074908814,0.102544661319761,0.108012106264187
P44,0.128131257113279,0.0941936881337105,0.116632884387193,0.131903852916554,0.108212072574905,0.137153881661953,0.119005991960078,0.12952588715788,0.135261312987708,0.130588235494371,0.109575862696549,0.10804772862281,0.11177184045333,0.159829544205444,0.104892460958532,0.124206960924076,0.127633425927345,0.121859256144272,0.129033335155537,0.121246604338778,0.134948643747087,0.11065182795168,0.162980533213332,0.134707098756332,0.134552720418784,0.172764914683013,0.167243639215323,0.141901401074199,0.137557991618625,0.146618184065322,0.125851433255877,0.134532854656947,0.124144524451061,0.125282492304322,0.136958028924854,0.132140132716585,0.136225021766507,0.119060984004915,0.127113303338069,0.124486206079978,0.095184406190501,0.104477475163287,0.121730074908814,0,0.125663862602059,0.123554187880687
P45,0.121198105672929,0.0973855323734896,0.113088596162269,0.119785087698951,0.10004247618022,0.131905699379923,0.128017266819875,0.136671335207939,0.127789801907514,0.131814431898056,0.103983189430712,0.0981805545036853,0.113003582294718,0.181011775958286,0.111877810068478,0.120405703150134,0.140103401955838,0.124806185391581,0.118214466807461,0.121022704796927,0.129143749283906,0.110593736501544,0.142165955754721,0.11716469759377,0.12291552305843,0.134802445197737,0.143880725742459,0.113526344113985,0.122516643838491,0.138885301693292,0.120211962477169,0.112658474180209,0.109320291856261,0.10681287964145,0.109152558807199,0.111641026611183,0.118656093804157,0.115492978642146,0.0953134030559934,0.113591120384837,0.108174033054188,0.102094944089243,0.102544661319761,0.125663862602059,0,0.111393110159104
P46,0.125156983572135,0.100148962811649,0.110345863868624,0.125055733058716,0.101874659137516,0.1397946821289,0.120741346243949,0.124923196980084,0.126854763334361,0.125214617328245,0.111422055552893,0.102405854669786,0.104871428552978,0.175072205127446,0.112546559695743,0.131773830065414,0.130025696395364,0.122017196359731,0.121074463622028,0.118823082305731,0.119224227590989,0.0972856878327529,0.135163251967687,0.108832925686729,0.110169024698761,0.14270520464448,0.138446136718029,0.117557017133801,0.114614608788661,0.113235008258504,0.10692659163569,0.115835456345922,0.10887060322814,0.112331198504863,0.124351836717723,0.11003831152349,0.120328501187668,0.104289259547997,0.096507535340257,0.121017194024399,0.119180862859652,0.103445981134392,0.108012106264187,0.123554187880687,0.111393110159104,0
